name,time
J,2019-07-15 21:44:36
G,2019-07-15 20:30:42
],2019-07-15 22:07:56
q,2019-07-15 22:32:01
{,2019-07-15 20:25:40
T,2019-07-15 22:11:54
X,2019-07-15 22:47:38
i,2019-07-15 22:08:37
Q,2019-07-15 20:36:33
e,2019-07-15 21:50:37
o,2019-07-15 22:02:07
s,2019-07-15 21:58:26
],2019-07-15 22:54:45
p,2019-07-15 21:12:25
h,2019-07-15 20:55:30
L,2019-07-15 22:12:16
u,2019-07-15 20:25:11
c,2019-07-15 20:14:18
V,2019-07-15 21:30:33
u,2019-07-15 22:39:50
A,2019-07-15 21:17:46
d,2019-07-15 21:51:34
M,2019-07-15 22:26:50
I,2019-07-15 22:02:15
P,2019-07-15 20:17:14
F,2019-07-15 20:29:29
V,2019-07-15 21:21:24
V,2019-07-15 20:48:10
X,2019-07-15 21:12:37
r,2019-07-15 21:19:54
l,2019-07-15 22:28:03
K,2019-07-15 22:26:16
N,2019-07-15 22:03:24
a,2019-07-15 20:43:00
C,2019-07-15 22:07:56
L,2019-07-15 21:36:52
l,2019-07-15 21:02:56
C,2019-07-15 21:38:52
N,2019-07-15 22:23:28
d,2019-07-15 20:48:08
F,2019-07-15 21:09:11
^,2019-07-15 22:02:25
H,2019-07-15 20:29:10
o,2019-07-15 21:17:42
Q,2019-07-15 21:26:52
B,2019-07-15 20:33:35
V,2019-07-15 20:51:45
f,2019-07-15 22:15:16
f,2019-07-15 21:57:52
j,2019-07-15 21:31:10
T,2019-07-15 20:54:51
w,2019-07-15 20:22:20
_,2019-07-15 20:59:34
`,2019-07-15 22:30:34
Y,2019-07-15 21:07:34
^,2019-07-15 20:27:48
G,2019-07-15 21:13:56
U,2019-07-15 20:23:32
m,2019-07-15 22:23:37
e,2019-07-15 20:22:34
p,2019-07-15 21:17:34
X,2019-07-15 22:04:49
Z,2019-07-15 22:40:48
s,2019-07-15 20:50:11
q,2019-07-15 21:36:33
H,2019-07-15 20:50:14
d,2019-07-15 22:15:38
q,2019-07-15 22:22:25
y,2019-07-15 21:05:46
i,2019-07-15 22:01:42
p,2019-07-15 22:23:30
j,2019-07-15 20:23:59
l,2019-07-15 20:52:26
Q,2019-07-15 20:16:16
],2019-07-15 20:27:53
o,2019-07-15 21:54:06
m,2019-07-15 21:39:19
B,2019-07-15 22:33:03
X,2019-07-15 21:47:16
M,2019-07-15 20:55:09
D,2019-07-15 22:42:57
n,2019-07-15 22:03:48
r,2019-07-15 22:19:10
`,2019-07-15 22:52:01
P,2019-07-15 22:45:08
K,2019-07-15 22:06:26
f,2019-07-15 20:28:20
T,2019-07-15 22:20:08
_,2019-07-15 22:25:06
i,2019-07-15 21:39:47
d,2019-07-15 21:31:14
u,2019-07-15 20:25:27
X,2019-07-15 22:09:51
g,2019-07-15 22:20:02
X,2019-07-15 22:45:46
V,2019-07-15 21:19:47
q,2019-07-15 22:49:36
n,2019-07-15 21:40:38
i,2019-07-15 21:24:10
z,2019-07-15 22:06:58
